{
  "version": 1,
  "author": "Anonymous maker",
  "editor": "wokwi",
  "parts": [
    { "type": "wokwi-arduino-nano", "id": "nano", "top": -24, "left": -125.3, "attrs": {} },
    { "type": "wokwi-dht22", "id": "dht1", "top": -201.3, "left": -111, "attrs": {} },
    { "type": "wokwi-led", "id": "led1", "top": 150, "left": -121, "attrs": { "color": "red" } },
    {
      "type": "wokwi-resistor",
      "id": "r1",
      "top": 120,
      "left": -115.75,
      "rotate": 90,
      "attrs": { "value": "300" }
    },
    {
      "type": "wokwi-resistor",
      "id": "r2",
      "top": 120,
      "left": -86.95,
      "rotate": 90,
      "attrs": { "value": "300" }
    },
    {
      "type": "wokwi-resistor",
      "id": "r3",
      "top": 120,
      "left": -58.15,
      "rotate": 90,
      "attrs": { "value": "300" }
    },
    {
      "type": "wokwi-resistor",
      "id": "r4",
      "top": 120,
      "left": -19.75,
      "rotate": 90,
      "attrs": { "value": "300" }
    },
    { "type": "wokwi-led", "id": "led2", "top": 150, "left": -82.6, "attrs": { "color": "red" } },
    { "type": "wokwi-led", "id": "led3", "top": 150, "left": -53.8, "attrs": { "color": "red" } },
    { "type": "wokwi-led", "id": "led4", "top": 150, "left": -15.4, "attrs": { "color": "red" } }
  ],
  "connections": [
    [ "dht1:VCC", "nano:5V", "red", [ "v144", "h96" ] ],
    [ "nano:GND.2", "dht1:GND", "black", [ "v0" ] ],
    [ "r4:2", "led4:A", "green", [ "h0" ] ],
    [ "r3:2", "led3:A", "green", [ "h0" ] ],
    [ "r2:2", "led2:A", "green", [ "h0" ] ],
    [ "r1:2", "led1:A", "green", [ "h0" ] ],
    [ "led1:C", "led2:C", "black", [ "v28.8", "h38.8" ] ],
    [ "led3:C", "led2:C", "black", [ "v28.8", "h-28.4" ] ],
    [ "led3:C", "led4:C", "black", [ "v28.8", "h38.8" ] ],
    [ "nano:GND.1", "led4:C", "black", [ "v67.2", "h19.2", "v115.2", "h-38.4" ] ],
    [ "dht1:SDA", "nano:A0", "green", [ "v0" ] ],
    [ "nano:6", "r1:1", "green", [ "v86.4", "h-38.4" ] ],
    [ "nano:8", "r2:1", "green", [ "v0" ] ],
    [ "nano:10", "r3:1", "green", [ "v105.6", "h57.6" ] ],
    [ "nano:12", "r4:1", "green", [ "v105.6", "h115.2" ] ]
  ],
  "dependencies": {}
}